step,loss
100,2.213
200,1.215
300,1.038
400,0.961
500,0.923
600,0.864
700,0.838
800,0.777
900,0.786
1000,0.674
2000,0.549
3000,0.52
4000,0.477
5000,0.455
6000,0.431
7000,0.431
8000,0.413
9000,0.394
10000,0.386
11000,0.365
12000,0.354
13000,0.337
14000,0.338
15000,0.326
16000,0.32
17000,0.322
18000,0.314
19000,0.319
20000,0.297
21000,0.296
22000,0.293
23000,0.292
24000,0.289
25000,0.297
26000,0.288
27000,0.297
28000,0.29
29000,0.294
30000,0.291
31000,0.292
32000,0.291
33000,0.295
34000,0.295
35000,0.294
36000,0.292
37000,0.287
38000,0.293
39000,0.291
40000,0.288
41000,0.289
42000,0.291
43000,0.288
44000,0.293
45000,0.294
46000,0.283
47000,0.291
48000,0.287
49000,0.3
