iteration,Train/mean_reward,Skill/push,Skill/pick-lift,Skill/place-down,Episode/success
0,-0.5759976506233215,0.010485549457371235,0.0,0.0,0.0
1,-1.3079612255096436,0.021136650815606117,0.0,0.0,0.0
2,-1.858372449874878,0.03185662627220154,0.0,0.0,0.0
3,-2.474977493286133,0.03150814399123192,0.0,0.0,0.0
4,-2.792724132537842,0.031409282237291336,0.0,0.0,0.0
5,-3.620245933532715,0.035974934697151184,0.0,0.0,0.0
6,-3.8585898876190186,0.043756596744060516,0.0,0.0,0.0
7,-3.597245454788208,0.04831439256668091,0.0,0.0,0.0
8,-3.5006744861602783,0.06912823021411896,0.0,0.0,0.0
9,-3.7352399826049805,0.0613565668463707,0.0,0.0,0.0
10,-3.999762773513794,0.07159234583377838,0.0,0.0,0.0
11,-3.3850021362304688,0.12291306257247925,0.0,0.00044642857392318547,0.0
12,-3.5811586380004883,0.15470384061336517,0.0,0.0,0.0
13,-3.35681414604187,0.1474510282278061,0.0,0.0013776408741250634,0.0
14,-3.345484495162964,0.19593364000320435,0.0003289473825134337,0.00045289855916053057,0.0
15,-3.09718656539917,0.18516108393669128,0.0,0.0005040322430431843,0.0
16,-3.360863447189331,0.16020727157592773,0.0,0.0019702056888490915,0.0
17,-2.8416504859924316,0.20743505656719208,0.0008776021422818303,0.0036415844224393368,0.0
18,-3.118654727935791,0.2010173797607422,0.00016983695968519896,0.003689700271934271,0.0
19,-2.4122512340545654,0.25206735730171204,0.0012482405873015523,0.009052786976099014,0.0
20,-1.8814140558242798,0.25378429889678955,0.001115390914492309,0.010658277198672295,0.0
21,-1.3912092447280884,0.32965660095214844,0.002724927384406328,0.01249847374856472,0.0
22,-1.1975672245025635,0.3846842050552368,0.004538240376859903,0.0247487835586071,0.00037425151094794273
23,-0.7734879851341248,0.40078437328338623,0.006734136026352644,0.02273578569293022,0.0
24,-0.6802961230278015,0.46735554933547974,0.01050536334514618,0.0255340076982975,0.0003597122267819941
25,0.054240401834249496,0.5192879438400269,0.006971132475882769,0.035298481583595276,0.00037397159030660987
26,-0.4783780872821808,0.5860969424247742,0.01409357413649559,0.03966003656387329,0.0019417476141825318
27,0.07029153406620026,0.6478574275970459,0.022148296236991882,0.05691676586866379,0.0015402387361973524
28,1.419440746307373,0.6781474351882935,0.02158128097653389,0.059713248163461685,0.0011350737186148763
29,2.440920114517212,0.7650229334831238,0.04359095171093941,0.0861314982175827,0.0031104199588298798
30,2.0548510551452637,0.7845607995986938,0.060030464082956314,0.10119970142841339,0.005327245220541954
31,3.671762704849243,0.8613374829292297,0.09896866232156754,0.13398391008377075,0.011075383983552456
32,4.896860599517822,0.8885596990585327,0.11635982990264893,0.15394119918346405,0.018231187015771866
33,5.426879405975342,0.9071897268295288,0.1419266164302826,0.18402022123336792,0.024399543181061745
34,4.854554176330566,0.9306198358535767,0.1454470306634903,0.19024580717086792,0.023836549371480942
35,5.014021873474121,0.9299219250679016,0.1742611825466156,0.22647757828235626,0.041390083730220795
36,7.2312822341918945,0.9235098958015442,0.1825028359889984,0.23252901434898376,0.050652340054512024
37,6.221982002258301,0.9323778748512268,0.19202277064323425,0.2642894685268402,0.06823865324258804
38,9.221150398254395,0.9552516937255859,0.19415053725242615,0.26673710346221924,0.07531380653381348
39,7.620201587677002,0.9617729783058167,0.2022574245929718,0.27977514266967773,0.090874083340168
40,8.405657768249512,0.9728277921676636,0.2339170277118683,0.2891024947166443,0.10423825681209564
41,10.3827486038208,0.96996009349823,0.22228237986564636,0.301472544670105,0.10653188079595566
42,10.632859230041504,0.9627333879470825,0.2397097945213318,0.32507145404815674,0.13623978197574615
43,9.102134704589844,0.9456639289855957,0.23756468296051025,0.3077070116996765,0.13834694027900696
44,10.390544891357422,0.9653018116950989,0.23908276855945587,0.3268105089664459,0.154107004404068
45,9.114336013793945,0.9592336416244507,0.246903195977211,0.33186790347099304,0.1666666716337204
46,12.80960464477539,0.9779724478721619,0.25400710105895996,0.3343469798564911,0.17748241126537323
47,14.111498832702637,0.9795385003089905,0.2492336928844452,0.34069356322288513,0.1740601509809494
48,17.481887817382812,0.9665842652320862,0.2510673999786377,0.33373135328292847,0.17915180325508118
49,13.461095809936523,0.980010986328125,0.267387717962265,0.3503536581993103,0.20021452009677887
50,11.659293174743652,0.9726009368896484,0.2588067650794983,0.3461717367172241,0.1950947493314743
51,11.221860885620117,0.9767898321151733,0.2842118442058563,0.3726465702056885,0.21378229558467865
52,15.614677429199219,0.9689175486564636,0.2659679055213928,0.3572964668273926,0.21359969675540924
53,16.312480926513672,0.9442766904830933,0.2739202082157135,0.36554598808288574,0.22322097420692444
54,13.452627182006836,0.9638782143592834,0.2553645372390747,0.33829957246780396,0.2222222238779068
55,12.739160537719727,0.9761720895767212,0.2880496680736542,0.3871285915374756,0.23932872712612152
56,17.769332885742188,0.9837515950202942,0.2878482937812805,0.38405489921569824,0.24020694196224213
57,11.404890060424805,0.9851529598236084,0.28277134895324707,0.35295212268829346,0.22929687798023224
58,19.081253051757812,0.9887831211090088,0.2908545732498169,0.35770589113235474,0.25047728419303894
59,16.64879035949707,0.979325532913208,0.28957104682922363,0.3690440058708191,0.2463165819644928
60,13.590607643127441,0.9696550965309143,0.2871167063713074,0.3593226671218872,0.24307453632354736
61,12.912341117858887,0.9709341526031494,0.294721782207489,0.3677043914794922,0.2533486485481262
62,18.071290969848633,0.9748042225837708,0.29675447940826416,0.36156129837036133,0.2588868737220764
63,15.96772289276123,0.9796559810638428,0.2948026657104492,0.34659919142723083,0.2615501880645752
64,14.537169456481934,0.9760207533836365,0.29674845933914185,0.3673875629901886,0.2648419439792633
65,17.276216506958008,0.9726090431213379,0.2998579740524292,0.3687807023525238,0.2709677517414093
66,15.408102035522461,0.9550051689147949,0.3047398030757904,0.3717256188392639,0.2800312042236328
67,13.618728637695312,0.9579042196273804,0.3064383864402771,0.37703701853752136,0.2819433808326721
68,18.623411178588867,0.965751051902771,0.31768256425857544,0.39878684282302856,0.29043853282928467
69,20.660964965820312,0.9796489477157593,0.3171766996383667,0.390522837638855,0.2952919006347656
70,12.24398422241211,0.9782321453094482,0.30652427673339844,0.38166600465774536,0.2816846966743469
71,17.808927536010742,0.9761043190956116,0.306052029132843,0.3727549910545349,0.2819230854511261
72,18.573654174804688,0.9776633977890015,0.3188539147377014,0.37874093651771545,0.2933486998081207
73,16.666465759277344,0.9797260761260986,0.31944113969802856,0.3872007131576538,0.301143079996109
74,19.4123477935791,0.9765046238899231,0.3213564157485962,0.3846142292022705,0.30314821004867554
75,23.392053604125977,0.9821887016296387,0.3382565677165985,0.4020962119102478,0.31794095039367676
76,13.196025848388672,0.973452091217041,0.3271583318710327,0.38736671209335327,0.3096427023410797
77,22.487218856811523,0.9802588224411011,0.33183395862579346,0.40718209743499756,0.3106001615524292
78,22.149805068969727,0.9709440469741821,0.33303576707839966,0.39337578415870667,0.3162616789340973
79,21.744457244873047,0.9676535129547119,0.3174702823162079,0.3860921561717987,0.3004731833934784
80,15.538684844970703,0.9732463359832764,0.3445587754249573,0.4007452428340912,0.32959479093551636
81,17.141395568847656,0.9772089719772339,0.3302856683731079,0.3893093764781952,0.31694599986076355
82,18.166667938232422,0.9753046035766602,0.3198883831501007,0.38937509059906006,0.3065268099308014
83,16.053234100341797,0.9852708578109741,0.32687854766845703,0.39357060194015503,0.31351351737976074
84,17.121334075927734,0.9931672215461731,0.3297101855278015,0.3856152296066284,0.32033008337020874
85,16.25714111328125,0.9880192279815674,0.3224181532859802,0.37601205706596375,0.3115970194339752
86,15.927291870117188,0.9812278151512146,0.32659563422203064,0.3870140314102173,0.3145468533039093
87,17.447925567626953,0.9851895570755005,0.321948766708374,0.3789120614528656,0.31135794520378113
88,20.8024959564209,0.9883553981781006,0.348763108253479,0.3933712840080261,0.3381044268608093
89,15.268665313720703,0.9853887557983398,0.33747249841690063,0.39551371335983276,0.3217291533946991
90,17.02956199645996,0.9916286468505859,0.3295481204986572,0.37195542454719543,0.3165172040462494
91,18.5380859375,0.9875231981277466,0.31638431549072266,0.36538583040237427,0.3050512969493866
92,15.25568962097168,0.9906220436096191,0.33789926767349243,0.3910903334617615,0.3237657845020294
93,17.822771072387695,0.9894312620162964,0.3430074453353882,0.3977949917316437,0.3290136754512787
94,19.806251525878906,0.9849681854248047,0.35206541419029236,0.4092629551887512,0.3377710282802582
95,18.010639190673828,0.9845854043960571,0.3281484842300415,0.38336068391799927,0.31233087182044983
96,16.063358306884766,0.9839615821838379,0.3410269021987915,0.3898009657859802,0.3280121684074402
97,17.425825119018555,0.985176682472229,0.3423704206943512,0.391404926776886,0.32762646675109863
98,17.92400550842285,0.9937052726745605,0.33990371227264404,0.3802371323108673,0.3313975930213928
99,21.436986923217773,0.9891468286514282,0.3316205143928528,0.3867976665496826,0.31977158784866333
100,18.3427734375,0.9889600276947021,0.34597641229629517,0.398637980222702,0.33106833696365356
101,23.29941177368164,0.9913206100463867,0.33837077021598816,0.3966454267501831,0.33102384209632874
102,15.098894119262695,0.9865373373031616,0.3333056569099426,0.38813912868499756,0.31562620401382446
103,18.925857543945312,0.9888414144515991,0.33413562178611755,0.3822859525680542,0.3201357424259186
104,17.89121437072754,0.9923123121261597,0.3416557013988495,0.39410191774368286,0.3306836187839508
105,20.63222885131836,0.9889459609985352,0.34885433316230774,0.39831340312957764,0.3338073194026947
106,15.661434173583984,0.9842739701271057,0.3334813714027405,0.38256514072418213,0.323053777217865
107,23.927488327026367,0.9878547191619873,0.34585481882095337,0.3950892388820648,0.3359314203262329
108,14.006985664367676,0.9954085350036621,0.33239486813545227,0.38312089443206787,0.32372164726257324
109,21.564523696899414,0.9922611713409424,0.34824228286743164,0.4045080542564392,0.3353383541107178
110,17.93761444091797,0.992091178894043,0.33048564195632935,0.3813823461532593,0.3143865168094635
111,14.898195266723633,0.9887540936470032,0.3393172025680542,0.4004170596599579,0.32945454120635986
112,16.488554000854492,0.9922922253608704,0.33791816234588623,0.37838518619537354,0.3286192715167999
113,16.590999603271484,0.9876865148544312,0.3432815670967102,0.39425262808799744,0.3341139554977417
114,18.213743209838867,0.9922642707824707,0.3390936553478241,0.39458000659942627,0.3254842460155487
115,19.13290786743164,0.9872606992721558,0.3395306468009949,0.4007141590118408,0.33043476939201355
116,18.102313995361328,0.9967013597488403,0.3509201407432556,0.3975311517715454,0.34257814288139343
117,14.508979797363281,0.9938453435897827,0.32543063163757324,0.38156604766845703,0.3152257204055786
118,20.342994689941406,0.9905151128768921,0.32387223839759827,0.3891444206237793,0.31267908215522766
119,18.91868782043457,0.9943273663520813,0.33673423528671265,0.3894922137260437,0.32534775137901306
120,19.84635353088379,0.9923637509346008,0.34708401560783386,0.39486822485923767,0.33689841628074646
121,20.37605094909668,0.990166425704956,0.33457034826278687,0.38548415899276733,0.3232513964176178
122,14.924520492553711,0.9967105388641357,0.35356470942497253,0.4098789691925049,0.3391813039779663
123,22.234115600585938,0.9899479150772095,0.3468590974807739,0.40702497959136963,0.3358807861804962
124,19.678627014160156,0.9795151352882385,0.34024232625961304,0.38127651810646057,0.32770997285842896
125,21.133636474609375,0.9972097873687744,0.33334797620773315,0.38591617345809937,0.3213064968585968
126,16.959609985351562,0.9886409044265747,0.33226895332336426,0.38039472699165344,0.3178502917289734
127,18.853036880493164,0.9869424700737,0.3360302448272705,0.3887530565261841,0.32181259989738464
128,18.10284423828125,0.990321695804596,0.32096540927886963,0.3825106918811798,0.31303006410598755
129,16.760740280151367,0.9948315024375916,0.3311793804168701,0.38070863485336304,0.32097792625427246
130,21.09937858581543,0.9815752506256104,0.3280331492424011,0.3689996302127838,0.31709039211273193
131,20.191669464111328,0.9803190231323242,0.3267849087715149,0.384071946144104,0.3152914345264435
132,21.63846206665039,0.9915410280227661,0.3417438268661499,0.39668509364128113,0.32998454570770264
133,18.089988708496094,0.9914482831954956,0.34941011667251587,0.3969130516052246,0.3364197611808777
134,19.513261795043945,0.9896460771560669,0.34636586904525757,0.39876872301101685,0.33157697319984436
135,15.229096412658691,0.987389326095581,0.33242082595825195,0.3919387459754944,0.319510281085968
136,19.2965145111084,0.9834682941436768,0.336498886346817,0.39483314752578735,0.32537099719047546
137,15.434232711791992,0.9913967847824097,0.3479277789592743,0.39473748207092285,0.33569034934043884
138,13.073099136352539,0.9917704463005066,0.33015167713165283,0.3826300799846649,0.31947144865989685
139,18.262353897094727,0.9937045574188232,0.33146917819976807,0.3911127746105194,0.3232129216194153
140,22.110862731933594,0.9890444278717041,0.34740006923675537,0.39242565631866455,0.33671173453330994
141,20.75957679748535,0.9917270541191101,0.35276615619659424,0.4113025963306427,0.3385457396507263
142,18.74342918395996,0.9883655905723572,0.33758124709129333,0.3815416693687439,0.32625189423561096
143,17.99397087097168,0.9823013544082642,0.338645875453949,0.3820088505744934,0.32818669080734253
144,19.609418869018555,0.9954394102096558,0.34348469972610474,0.3996002972126007,0.3350116014480591
145,22.3078556060791,0.9830843210220337,0.3508196175098419,0.39716780185699463,0.3368821144104004
146,23.56262969970703,0.9909961223602295,0.3610304594039917,0.405148446559906,0.34402111172676086
147,21.46307373046875,0.9854015111923218,0.33148178458213806,0.39002761244773865,0.32103610038757324
148,23.182355880737305,0.9808327555656433,0.34465309977531433,0.4078374207019806,0.33346065878868103
149,19.77422523498535,0.9785919189453125,0.3560614585876465,0.39302435517311096,0.34454086422920227
150,21.30422019958496,0.9801537990570068,0.3333906829357147,0.3660431504249573,0.3185606002807617
151,17.241117477416992,0.990256667137146,0.3317093849182129,0.3862537443637848,0.314972847700119
152,19.396080017089844,0.9842830896377563,0.32501012086868286,0.37455010414123535,0.3108159303665161
153,15.007055282592773,0.9907544851303101,0.33404260873794556,0.3793140649795532,0.3209013342857361
154,18.62099266052246,0.9902966022491455,0.3529475927352905,0.3948551118373871,0.3401229679584503
155,24.51125717163086,0.9953839778900146,0.347337007522583,0.38424795866012573,0.3363244831562042
156,22.31265640258789,0.9933556318283081,0.34984442591667175,0.3874271512031555,0.34036144614219666
157,21.757665634155273,0.9966737031936646,0.34396809339523315,0.38125118613243103,0.33423179388046265
158,20.238054275512695,0.9954613447189331,0.3312646150588989,0.368062287569046,0.32027649879455566
159,18.00266456604004,0.9942107200622559,0.3528759479522705,0.38771942257881165,0.3369148075580597
160,16.739919662475586,0.9870882630348206,0.3488128185272217,0.3979729115962982,0.3383577764034271
161,15.158890724182129,0.9889123439788818,0.35168591141700745,0.39659827947616577,0.3413597643375397
162,14.448387145996094,0.9957950115203857,0.36295944452285767,0.39988791942596436,0.34958428144454956
163,15.06750202178955,0.9954847693443298,0.34366950392723083,0.39304399490356445,0.32958510518074036
164,20.37604522705078,0.998641312122345,0.3436134457588196,0.3882026970386505,0.32420971989631653
165,22.391977310180664,0.993480920791626,0.35193777084350586,0.39799267053604126,0.3358405530452728
166,24.99270248413086,0.9901893138885498,0.34310442209243774,0.38728904724121094,0.3299413025379181
167,16.56654930114746,0.9924623966217041,0.3533555567264557,0.4009278416633606,0.34350037574768066
168,16.527162551879883,0.9894334077835083,0.3501313328742981,0.38419824838638306,0.3363363444805145
169,14.049044609069824,0.9919667840003967,0.3585679531097412,0.3903358578681946,0.34117192029953003
170,22.133758544921875,0.995747447013855,0.34846585988998413,0.37936198711395264,0.3367697596549988
171,22.61307716369629,0.9906572103500366,0.36720043420791626,0.40365713834762573,0.3535660207271576
172,22.303653717041016,0.9883733987808228,0.3497689962387085,0.3845818042755127,0.33632463216781616
173,20.423009872436523,0.9900330305099487,0.3510938882827759,0.37711048126220703,0.33575525879859924
174,21.26799201965332,0.9946937561035156,0.3439139723777771,0.38169267773628235,0.337263286113739
175,16.261945724487305,0.9912465214729309,0.34361565113067627,0.3846816420555115,0.33076032996177673
176,18.811298370361328,0.9924693703651428,0.33766642212867737,0.3927614092826843,0.32737642526626587
177,18.415111541748047,0.9865782260894775,0.3230492174625397,0.3672483563423157,0.3102535009384155
178,18.372568130493164,0.9954513907432556,0.34533727169036865,0.38014376163482666,0.3308389186859131
179,15.05557918548584,0.9849690198898315,0.35038644075393677,0.39367902278900146,0.3333333432674408
180,24.87499237060547,0.9900475740432739,0.35949575901031494,0.3986591398715973,0.34550660848617554
181,19.60544204711914,0.9909725189208984,0.3797241449356079,0.4137986898422241,0.3629770874977112
182,19.4047794342041,0.9886444211006165,0.36296528577804565,0.41176557540893555,0.3545801639556885
183,24.29012680053711,0.994937539100647,0.3540043830871582,0.3867098391056061,0.3413885831832886
184,21.40949821472168,0.9810798764228821,0.37235668301582336,0.4070259928703308,0.3607253134250641
185,20.1523380279541,0.9886850118637085,0.3682428002357483,0.40817248821258545,0.35058823227882385
186,19.054443359375,0.9964925050735474,0.37919166684150696,0.40729761123657227,0.3640553057193756
187,17.58799171447754,0.9812852740287781,0.3782339096069336,0.4255434274673462,0.363499253988266
188,19.475522994995117,0.9872226715087891,0.38384440541267395,0.41824379563331604,0.364094614982605
189,23.1273250579834,0.9839001893997192,0.3906407654285431,0.4277193546295166,0.3664475977420807
190,20.53011131286621,0.9897217750549316,0.39485490322113037,0.41594910621643066,0.378742516040802
191,21.840150833129883,0.9914706349372864,0.4269784092903137,0.4642905592918396,0.4006359279155731
192,22.245664596557617,0.987231433391571,0.41160720586776733,0.4259597659111023,0.3862738013267517
193,20.555522918701172,0.9927892684936523,0.4349069595336914,0.46035072207450867,0.40735241770744324
194,23.21210289001465,0.9900529384613037,0.43717074394226074,0.4536271393299103,0.4105675220489502
195,20.86379051208496,0.9941592216491699,0.4409788250923157,0.4711027145385742,0.4177505671977997
196,22.199708938598633,0.9921731352806091,0.4654207229614258,0.4899899959564209,0.4378277063369751
197,22.965660095214844,0.9958391785621643,0.4910619854927063,0.5104235410690308,0.462890625
198,24.46554946899414,0.998161792755127,0.5056391358375549,0.5247237682342529,0.47926968336105347
199,26.743083953857422,0.992409884929657,0.5258511900901794,0.5498899221420288,0.4924946427345276
200,8.544855117797852,0.10722222924232483,0.0866284966468811,0.06051654368638992,0.002129925414919853
201,19.02614402770996,0.8701916337013245,0.3829602897167206,0.36528462171554565,0.25765207409858704
202,21.79186248779297,0.9857879281044006,0.5384703278541565,0.548685610294342,0.4724770784378052
203,24.26557731628418,0.979468822479248,0.5654271841049194,0.5950881242752075,0.5263952016830444
204,29.61837387084961,0.9926018118858337,0.6210110187530518,0.6133089065551758,0.5882815718650818
205,36.80841064453125,0.991779088973999,0.6566015481948853,0.6632071733474731,0.614008367061615
206,35.880924224853516,0.995573878288269,0.6718834638595581,0.659733235836029,0.6293352246284485
207,34.42041015625,0.9917575120925903,0.7181544303894043,0.7229219675064087,0.6767371892929077
208,38.641395568847656,0.9983552694320679,0.7636020183563232,0.7701730728149414,0.7174504399299622
209,42.3853874206543,0.9957767128944397,0.7904996275901794,0.8033287525177002,0.7523701190948486
210,42.64252853393555,1.0,0.8039246797561646,0.814239501953125,0.7684168815612793
211,41.854122161865234,0.9931081533432007,0.831045389175415,0.8388463258743286,0.790255069732666
212,43.542144775390625,0.9978851079940796,0.8478668928146362,0.8538967967033386,0.8098159432411194
213,45.80947494506836,0.9930956363677979,0.8700937628746033,0.8796714544296265,0.8330838680267334
214,45.62206268310547,0.9970914721488953,0.8921735286712646,0.9018928408622742,0.8549322485923767
215,47.91117858886719,0.9969052076339722,0.8989975452423096,0.9120452404022217,0.8686636090278625
216,45.07065963745117,0.9920274019241333,0.9101501703262329,0.9285265207290649,0.8801684975624084
217,45.042598724365234,0.9940650463104248,0.9145681858062744,0.9178463220596313,0.8832145929336548
218,50.65791320800781,0.9881352782249451,0.9320375919342041,0.9451517462730408,0.907512366771698
219,49.109806060791016,0.9926422238349915,0.9230155944824219,0.9381263256072998,0.8945590853691101
220,47.29839324951172,0.9970170259475708,0.9319189190864563,0.9447246193885803,0.9045771956443787
221,51.404998779296875,0.9970787763595581,0.9432494640350342,0.9551097750663757,0.9227784276008606
222,48.93898010253906,0.9958333373069763,0.943135678768158,0.955195426940918,0.921436607837677
223,50.34538269042969,0.9986978769302368,0.9549120664596558,0.961251974105835,0.9307753443717957
224,49.6347541809082,0.9901578426361084,0.957624077796936,0.9608067274093628,0.9361932277679443
225,51.14961624145508,0.9905931949615479,0.9580220580101013,0.9694510102272034,0.9359642863273621
226,51.402591705322266,0.9968671798706055,0.9626892805099487,0.966713011264801,0.9433669447898865
227,53.09178161621094,0.992517352104187,0.9670052528381348,0.9721208214759827,0.950115978717804
228,49.919254302978516,0.9974609613418579,0.96086585521698,0.971461832523346,0.9361782670021057
229,51.05364227294922,0.9917157292366028,0.9653133153915405,0.9739007949829102,0.9452002048492432
230,51.22439193725586,0.9949337244033813,0.9670248031616211,0.9780166745185852,0.950725793838501
231,51.466880798339844,0.9955258369445801,0.9711107015609741,0.9766203761100769,0.9567702412605286
232,52.89093780517578,0.9886407256126404,0.969857931137085,0.9791136980056763,0.9509841799736023
233,53.343666076660156,0.986262321472168,0.9705208539962769,0.9734487533569336,0.9540582299232483
234,52.39588928222656,0.9965277910232544,0.9742136001586914,0.9823641777038574,0.9580181241035461
235,53.42583084106445,0.9890735149383545,0.9791982173919678,0.9836195111274719,0.9660686254501343
236,52.642364501953125,0.9958621263504028,0.9786155819892883,0.986273467540741,0.9646561741828918
237,51.31901550292969,0.986007034778595,0.9771511554718018,0.9841904044151306,0.9616212248802185
238,53.1622314453125,0.9908428192138672,0.9802067279815674,0.985244870185852,0.9659992456436157
239,50.97455596923828,0.9928894639015198,0.9843995571136475,0.9880352020263672,0.9698725342750549
240,52.38472366333008,0.9914170503616333,0.9804105162620544,0.9824166297912598,0.9697434306144714
241,54.11662292480469,0.9899012446403503,0.9820395708084106,0.9875044226646423,0.9704509973526001
242,53.533843994140625,0.9984375238418579,0.9853706955909729,0.9913159608840942,0.9716174602508545
243,54.507049560546875,0.9916518926620483,0.9857227802276611,0.9932298064231873,0.9729729890823364
244,52.41543960571289,0.9924715757369995,0.9845004081726074,0.9890576601028442,0.9745413661003113
245,52.16487121582031,0.9937313795089722,0.9876115918159485,0.9925814867019653,0.9702932238578796
246,52.79402542114258,0.9915198087692261,0.9857552647590637,0.989264726638794,0.9686397314071655
247,52.974735260009766,0.9955911636352539,0.9835190773010254,0.9852795600891113,0.9672932624816895
248,52.20008087158203,0.998046875,0.9907592535018921,0.9887855052947998,0.9675633311271667
249,53.72818374633789,0.9971591234207153,0.9845243096351624,0.9858651161193848,0.9717251062393188
250,52.397090911865234,1.0,0.9868735671043396,0.9899647235870361,0.9767183661460876
251,54.176666259765625,0.9988425970077515,0.9899561405181885,0.992036759853363,0.9768081307411194
252,53.74372482299805,0.9969965815544128,0.9851398468017578,0.9894980192184448,0.9741612076759338
253,52.43898010253906,0.9942444562911987,0.9867582321166992,0.9883480072021484,0.9707974791526794
254,52.103424072265625,0.9963107705116272,0.9879055023193359,0.9918086528778076,0.9654495120048523
255,53.257877349853516,0.990166187286377,0.9871459603309631,0.9892028570175171,0.9703622460365295
256,54.07681655883789,0.9900660514831543,0.9812024831771851,0.9856714010238647,0.960705041885376
257,54.0888786315918,0.991474449634552,0.985161304473877,0.9861146211624146,0.963992178440094
258,52.9808235168457,0.9933733940124512,0.9859131574630737,0.9886281490325928,0.9663093686103821
259,52.9924430847168,0.9954171180725098,0.9836611151695251,0.9902344942092896,0.967936635017395
260,52.581539154052734,0.9951310753822327,0.9913605451583862,0.9910054802894592,0.9762183427810669
