student,environment,teacher,episodes,prompting_in_training,progress_signal,vla,early_stopped,final_loss,notes
ours_kp_filt085_seq,"red/blue cubes, random target, far view",keypoints_hold_filt085_ep20_chain2_s1 model_900 (action filter 0.85),"1000, not paired",whole sentence for the episode (<=2 commands) + each command alone,"none (eval: whole sentence, or one command with the env's own done check = oracle)","SmolVLA, frozen VLM + vision, action expert trained, batch 32, 20k steps",no,0.365,first student to lift reliably; best of the 20k unpaired students
ours_kp_filt095sat_seq,"red/blue cubes, random target, far view",keypoints_hold_filt095_ep20_chain2_s1 saturated_260 (filter 0.95),"1000, not paired",whole sentence + each command alone,none,"SmolVLA frozen VLM, 20k steps",no,0.266,smoother teacher: helps push only
ours_kp_filt085_hist,"red/blue cubes, random target",0.85 teacher,1000,whole sentence + each command,"state history (previous action, state 0.5 s and 1 s back) as memory","SmolVLA frozen VLM, 20k steps",no,see ft log,worse than the plain student: the memory was not used
ours_kp_v2,"red/blue cubes, near front view",0.85 teacher,1000,"whole sentence + each command, tokenizer 96",history frame 1 s back (camera3),"SmolVLA with VLM + vision encoder trained, batch 16 after an out-of-memory retry (a confound), 20k steps",no,see ft log,not better
ours_kp_filt085_seq_xvla,"red/blue cubes, random target",0.85 teacher,1000,whole sentence + each command,none,"X-VLA (action_mode auto), 20k steps",no,see ft log,not better than SmolVLA
ours_kp_filt095_paired,"red/blue cubes, random target",0.95 saturated_260,"3000 PAIRED (each fresh layout twice, once per commanded cube)","whole sentence + each command, tokenizer 96","none (eval: whole sentence, or one command with env done = oracle)","SmolVLA frozen VLM, early-stop watchdog stopped at 49K of 100K","yes, 49K",0.300 (48K checkpoint),"fixed the colour grounding: lift 80, c1 80, c2 75; whole-sentence long chains still ~0-14; with the oracle done check unstack 76 / restack 53"
ours_kp_filt095_paired_ck32k,"red/blue cubes, random target",0.95 saturated_260,3000 paired,as ours_kp_filt095_paired,none,the 32K snapshot of the paired run,n/a (snapshot),0.289,about equal to 49K
ours_kp_filt095_done_scratch / _from48k,"red/blue cubes, random target",0.95 saturated_260,3000 paired,ONE command per prompt + 6th action channel 'done' on the last 5 frames of each command,the VLA's own done flag moves a pointer along the command list (the harness holds the list),"SmolVLA, 100k from scratch / 30k from the 48K checkpoint",no,see ft logs,another experiment of the user's (not built by this log's author); evals incomplete at the time of writing
ours_cyl_fixed_done,"cube (5 cm) + cylinder (r 3 cm, h 8 cm), black table, FIXED target (0.03, -0.12), real-clip straight template reward","keypoints_cyl_fixedtgt_c3half_filt095_s1 model_399 (400 iterations, 50% c3-style pushes)","3000 paired (3193 tried, 94% kept)",ONE command per prompt + done channel (last 5 frames of each command),the VLA's own done flag (threshold / ticks in the table) moves a pointer along the command list held by the harness,"SmolVLA from smolvla_base, frozen VLM, early-stop watchdog stopped at 33K (window 6000 steps, 1.5%)","yes, 33K",0.299,single-prompt upper reference for the done-flag idea; done flag setting matters a lot for in-order (see sweep rows)
ours_cyl_memory,same as ours_cyl_fixed_done,same rollouts as ours_cyl_fixed_done,same 3000 paired episodes,"WHOLE sentence on every frame, padded with 0-3 random commands before and after the real ones so that sentences have 2-8 commands","state number k/6 = commands done so far (the policy's memory); in training the true count, at inference raised only by the policy's own done flag (0.85 for 5 ticks)","SmolVLA from smolvla_base, frozen VLM, early-stop watchdog stopped at 33K","yes, 33K",0.213,"the whole sentence is given once, as asked; long-chain lenient / in order: unstack 75 / 42, c3 43 / 12, restack 5 / 0; single skills weaker than the one-command student"
